{"cameraMode":{"drawMode":0,"name":"Shaded","section":"Shading Mode"},"sceneLighting":false,"audioPlay":false,"sceneViewState":{"showFog":true,"showMaterialUpdate":true,"showSkybox":true,"showFlares":true,"showImageEffects":true,"showParticleSystems":true},"in2DMode":false,"pivot":{"x":0.6702256202697754,"y":1.1449999809265137,"z":1.1600003242492676},"rotation":{"x":-0.09562737494707108,"y":0.8965216875076294,"z":-0.23687218129634858,"w":-0.36193355917930605},"size":12.425893783569336,"orthographic":false}