{"cameraMode":{"drawMode":0,"name":"Shaded","section":"Shading Mode"},"sceneLighting":true,"audioPlay":false,"sceneViewState":{"showFog":true,"showMaterialUpdate":true,"showSkybox":true,"showFlares":true,"showImageEffects":true,"showParticleSystems":true},"in2DMode":false,"pivot":{"x":-2.698962688446045,"y":-1.6518669128417969,"z":-5.619934558868408},"rotation":{"x":-0.0680854320526123,"y":0.9155969023704529,"z":-0.175436869263649,"w":-0.35534295439720156},"size":9.339414596557618,"orthographic":false}